{
  "bot": {
    "token": "8104147271:AAFvMsb0GsJZ_WRaCkB1eEefOEx4fe8kIG0",
    "name": "Enhanced Community Tipbot",
    "admin_users": [1651155083],
    "allowed_groups": [],
    "cooldown_seconds": 30,
    "max_tip_amount": 1000000,
    "min_tip_amount": 0.001,
    "privacy_mode": true,
    "dm_only_commands": ["deposit", "withdraw", "backup", "seed"]
  },
  "features": {
    "tipping": true,
    "rain": true,
    "airdrops": true,
    "withdrawals": true,
    "deposits": true,
    "backup": true,
    "faucet": true,
    "dice_games": true,
    "leaderboards": true,
    "challenges": true,
    "scheduled_tips": true,
    "multi_signature": false,
    "two_factor_auth": true,
    "withdrawal_limits": true,
    "suspicious_activity_detection": true
  },
  "coins": {
    "AEGS": {
      "enabled": true,
      "full_name": "Aegisum",
      "cli_path": "/usr/local/bin/aegisum-cli",
      "decimals": 8,
      "min_confirmations": 3,
      "withdrawal_fee": 0.001,
      "network_fee": 0.0001,
      "min_amount": 0.00000001,
      "max_amount": 1000000,
      "rpc_host": "127.0.0.1",
      "rpc_port": 8332,
      "rpc_user": "aegisumrpc",
      "rpc_password": "TfxcoI7LljTM5PKpgTeLKe+IvMiot73e5NjkTx2KCZw="
    },
    "SHIC": {
      "enabled": true,
      "full_name": "ShibaCoin",
      "cli_path": "/usr/local/bin/shibacoin-cli",
      "decimals": 8,
      "min_confirmations": 6,
      "withdrawal_fee": 0.01,
      "network_fee": 0.001,
      "min_amount": 0.00000001,
      "max_amount": 1000000,
      "rpc_host": "127.0.0.1",
      "rpc_port": 8333,
      "rpc_user": "shibacoirpc",
      "rpc_password": "I/5qgpwGBZ985fy3ZwNbLHOt/rbPxkrAjveiDLrvMGQ="
    },
    "PEPE": {
      "enabled": true,
      "full_name": "PepeCoin",
      "cli_path": "/usr/local/bin/pepecoin-cli",
      "decimals": 8,
      "min_confirmations": 6,
      "withdrawal_fee": 0.01,
      "network_fee": 0.001,
      "min_amount": 0.00000001,
      "max_amount": 1000000,
      "rpc_host": "127.0.0.1",
      "rpc_port": 8334,
      "rpc_user": "pepecoirpc",
      "rpc_password": "1P3xdNaICwZJscDp5ZPnq9IzDaCigsxH6Ew8zFJyMIY="
    },
    "ADVC": {
      "enabled": true,
      "full_name": "AdventureCoin",
      "cli_path": "/usr/local/bin/advc-cli",
      "decimals": 8,
      "min_confirmations": 6,
      "withdrawal_fee": 0.01,
      "network_fee": 0.001,
      "min_amount": 0.00000001,
      "max_amount": 1000000,
      "rpc_host": "127.0.0.1",
      "rpc_port": 8335,
      "rpc_user": "advcrpc",
      "rpc_password": "EJc5Ha7RJu/m6amkiif9zXEcFX48dr77upd8O8cYa1Q="
    }
  },
  "database": {
    "path": "data/enhanced_tipbot.db"
  },
  "security": {
    "encryption_key": "ZmDfcTF7_60GrrY167zsiPd67pEvs0aGOv2oasOM1Pg=",
    "backup_encryption": true,
    "require_backup_confirmation": true,
    "password_min_length": 8,
    "require_2fa_for_withdrawals": true,
    "withdrawal_cooling_period": 300,
    "max_failed_attempts": 5,
    "account_lockout_duration": 3600
  },
  "faucet": {
    "enabled": true,
    "cooldown_hours": 24,
    "rewards": {
      "AEGS": 0.1,
      "SHIC": 10.0,
      "PEPE": 100.0,
      "ADVC": 5.0
    },
    "bonus_multiplier_range": [0.5, 2.0]
  },
  "dice": {
    "enabled": true,
    "min_bet": 0.1,
    "max_bet": 100.0,
    "house_edge": 0.05,
    "payout_table": {
      "1": 0,
      "2": 0,
      "3": 1,
      "4": 1,
      "5": 2,
      "6": 3
    }
  },
  "rain": {
    "min_amount": 1.0,
    "max_recipients": 50,
    "participation_window": 300,
    "min_chat_activity": 5
  },
  "airdrops": {
    "min_amount": 10.0,
    "max_duration": 3600,
    "min_participants": 3,
    "max_participants": 100
  },
  "withdrawal_limits": {
    "default_daily_limit": 1000.0,
    "vip_daily_limit": 10000.0,
    "cooling_period_seconds": 300
  },
  "notifications": {
    "pending_tx": true,
    "confirmed_tx": true,
    "deposit_detected": true,
    "withdrawal_sent": true,
    "tip_received": true,
    "rain_participation": true,
    "airdrop_participation": true,
    "security_alerts": true
  },
  "privacy": {
    "hide_tip_amounts": false,
    "anonymous_leaderboards": false,
    "private_balance_default": false
  },
  "community": {
    "welcome_tip_amount": 1.0,
    "welcome_tip_coin": "AEGS",
    "leaderboard_cache_minutes": 5,
    "stats_reset_frequency": "weekly"
  },
  "admin_dashboard": {
    "enabled": true,
    "port": 12000,
    "host": "0.0.0.0",
    "username": "admin",
    "password": "SecureAdminPass2024!",
    "session_timeout": 3600,
    "require_2fa": true
  },
  "monitoring": {
    "transaction_monitoring": true,
    "balance_monitoring": true,
    "error_reporting": true,
    "performance_metrics": true,
    "suspicious_activity_threshold": 10
  },
  "backup": {
    "automatic_reminders": true,
    "reminder_frequency_days": 30,
    "require_confirmation": true,
    "encrypt_backups": true
  }
}